<?xml version="1.0" encoding="UTF-8"?>
<feature 
      id="org.eclipse.ajdt"
      label="%featureName"
      version="1.6.1.20081104192500"
      provider-name="%providerName"
      plugin="org.eclipse.aspectj">

   <description url="http://eclipse.org/ajdt">
      %description
   </description>

   <copyright>
      %copyright
   </copyright>

   <license url="%licenseURL">
      %license
   </license>

   <url>
      <update label="%updateLabel" url="http://download.eclipse.org/tools/ajdt/34/update"/>
   </url>

   <includes
         id="org.eclipse.ajdt.source"
         version="1.6.1.20081104192500"
         name=""
         optional="true"/>

   <requires>
      <import plugin="org.eclipse.core.runtime" version="3.2.0" match="compatible"/>
      <import plugin="org.eclipse.core.resources"/>
      <import plugin="org.eclipse.ui"/>
      <import plugin="org.eclipse.jdt.ui"/>
      <import plugin="org.eclipse.debug.core"/>
      <import plugin="org.eclipse.jdt.core"/>
      <import plugin="org.eclipse.jdt.launching"/>
      <import plugin="org.eclipse.search"/>
      <import plugin="org.eclipse.pde.core"/>
      <import plugin="org.eclipse.pde.runtime"/>
      <import plugin="org.eclipse.pde"/>
      <import plugin="org.eclipse.debug.ui"/>
      <import plugin="org.eclipse.jdt.debug.ui"/>
      <import plugin="org.eclipse.swt"/>
   </requires>

   <plugin
         id="org.aspectj.ajde"
         download-size="0"
         install-size="0"
         version="1.6.3.20081028135200"/>

   <plugin
         id="org.aspectj.runtime"
         download-size="0"
         install-size="0"
         version="1.6.3.20081028135200"/>

   <plugin
         id="org.aspectj.weaver"
         download-size="0"
         install-size="0"
         version="1.6.3.20081028135200"/>

   <plugin
         id="org.eclipse.ajdt.core"
         download-size="0"
         install-size="0"
         version="1.6.1.20081104192500"
         unpack="false"/>

   <plugin
         id="org.eclipse.contribution.visualiser"
         download-size="0"
         install-size="0"
         version="2.2.0.20081104192500"
         unpack="false"/>

   <plugin
         id="org.eclipse.contribution.xref.core"
         download-size="0"
         install-size="0"
         version="1.6.1.20081104192500"
         unpack="false"/>

   <plugin
         id="org.eclipse.contribution.xref.ui"
         download-size="0"
         install-size="0"
         version="1.6.1.20081104192500"
         unpack="false"/>

   <plugin
         id="org.eclipse.ajdt.ui"
         download-size="0"
         install-size="0"
         version="1.6.1.20081104192500"
         unpack="false"/>

   <plugin
         id="org.eclipse.ajdt.examples"
         download-size="0"
         install-size="0"
         version="1.6.1.20081104192500"/>

   <plugin
         id="org.eclipse.aspectj"
         download-size="0"
         install-size="0"
         version="1.6.1.20081104192500"
         unpack="false"/>

   <plugin
         id="org.eclipse.ajdt.doc.user"
         download-size="0"
         install-size="0"
         version="1.6.1.20081104192500"
         unpack="false"/>

   <plugin
         id="org.eclipse.ajdt.mylyn.ui"
         download-size="0"
         install-size="0"
         version="1.6.1.20081104192500"
         unpack="false"/>

</feature>
