<?xml version="1.0" encoding="UTF-8"?>
<beans xmlns="http://www.springframework.org/schema/beans"
	xmlns:xsi="http://www.w3.org/2001/XMLSchema-instance"
	xsi:schemaLocation="http://www.springframework.org/schema/beans http://www.springframework.org/schema/beans/spring-beans.xsd">

<bean id="httpProxy" class="org.springframework.remoting.httpinvoker.HttpInvokerProxyFactoryBean">	
  <property name="httpInvokerRequestExecutor">
    <bean class="org.springframework.remoting.httpinvoker.CommonsHttpInvokerRequestExecutor"/>
  </property>
  <property name="serviceUrl" value="http://localhost:8080/amigos/remoting/gu"/>
  <property name="serviceInterface" 
     value="es.ua.jtech.amigosSpring.negocio.IGestorUsuariosRemoto"></property>
</bean>


</beans>
