<?xml version="1.0" encoding="ISO-8859-1"?>
<Context>
    <Resource
        name="jdbc/biblioteca"
        type="javax.sql.DataSource"
        auth="Container"
        username="root"
        password="root"
        driverClassName="com.mysql.jdbc.Driver"
        url="jdbc:mysql://localhost:3306/biblioteca?autoReconnect=true"/>
            
        <ResourceParams name="miBD">
            
            <parameter>
                <name>maxActive</name>
                <value>20</value>
            </parameter>
            
            <parameter>
                <name>maxIdle</name>
                <value>5</value>
            </parameter>
            
            <parameter>
                <name>maxWait</name>
                <value>10000</value>
            </parameter>
            
        </ResourceParams>

</Context>