<?xml version="1.0" encoding="UTF-8" ?>
<!DOCTYPE log4j:configuration SYSTEM "log4j.dtd">

<log4j:configuration>

  <!-- Definimos appender A1 de tipo FileAppender -->        
  <appender name="A1" class="org.apache.log4j.FileAppender">
    <param name="File" value="logsXML.txt"/> 
    <param name="Threshold" value="warn"/> 
    <layout class="org.apache.log4j.PatternLayout"> 
      <param name="ConversionPattern" value="%d{dd/MMMMM/yyyy} - %p - %m %n"/> 
    </layout>
  </appender>

  <!-- Configuramos el root logger -->        
  <root>
    <priority value ="debug" />
    <appender-ref ref="A1"/>
  </root>

</log4j:configuration>
