<?xml version="1.0" encoding="UTF-8"?>
<jax-ws xmlns="http://www.netbeans.org/ns/jax-ws/1">
  <services/>
  <clients>
    <client name="AWSECommerceService">
      <wsdl-url>http://webservices.amazon.com/AWSECommerceService/AWSECommerceService.wsdl</wsdl-url>
      <local-wsdl-file>webservices.amazon.com/AWSECommerceService/AWSECommerceService.wsdl</local-wsdl-file>
      <package-name>com.amazon.webservices.awsecommerceservice.2008-10-06</package-name>
      <catalog-file>catalog.xml</catalog-file>
    </client>
  </clients>
  <jsr109>false</jsr109>
</jax-ws>
