<?xml version="1.0" encoding="UTF-8"?>
<project xmlns:xalan="http://xml.apache.org/xslt" xmlns:j2seproject3="http://www.netbeans.org/ns/j2se-project/3" xmlns:jaxws="http://www.netbeans.org/ns/jax-ws/1">
    <!--
                ===================
                JAX-WS WSIMPORT SECTION
                ===================
            -->
    <target name="wsimport-init" depends="init">
        <mkdir dir="${build.generated.dir}/wsimport/client"/>
        <mkdir dir="${build.generated.dir}/wsimport/binaries"/>
        <taskdef name="wsimport" classname="com.sun.tools.ws.ant.WsImport">
            <classpath path="${libs.jaxws21.classpath}"/>
        </taskdef>
    </target>
    <target name="wsimport-client-check-AWSECommerceService" depends="wsimport-init">
        <condition property="wsimport-client-AWSECommerceService.notRequired">
            <available file="${build.generated.dir}/wsimport/client/com/amazon/webservices/awsecommerceservice/2008-10-06" type="dir"/>
        </condition>
    </target>
    <target name="wsimport-client-AWSECommerceService" depends="wsimport-init,wsimport-client-check-AWSECommerceService" unless="wsimport-client-AWSECommerceService.notRequired">
        <wsimport fork="true" xendorsed="true" sourcedestdir="${build.generated.dir}/wsimport/client" extension="true" destdir="${build.generated.dir}/wsimport/binaries" wsdl="${basedir}/xml-resources/web-service-references/AWSECommerceService/wsdl/webservices.amazon.com/AWSECommerceService/AWSECommerceService.wsdl" wsdlLocation="http://webservices.amazon.com/AWSECommerceService/AWSECommerceService.wsdl" catalog="catalog.xml">
            <jvmarg value="-Djava.endorsed.dirs=${jaxws.endorsed.dir}"/>
        </wsimport>
        <copy todir="${build.classes.dir}">
            <fileset dir="${build.generated.dir}/wsimport/binaries" includes="**/*.xml"/>
        </copy>
    </target>
    <target name="wsimport-client-clean-AWSECommerceService" depends="-init-project">
        <delete dir="${build.generated.dir}/wsimport/client/com/amazon/webservices/awsecommerceservice/2008-10-06"/>
    </target>
    <target name="wsimport-client-generate" depends="wsimport-client-AWSECommerceService"/>
    <target name="wsimport-client-compile" depends="-pre-pre-compile">
        <j2seproject3:depend srcdir="${build.generated.dir}/wsimport/client" classpath="${libs.jaxws21.classpath}:${javac.classpath}" destdir="${build.classes.dir}"/>
        <j2seproject3:javac srcdir="${build.generated.dir}/wsimport/client" classpath="${libs.jaxws21.classpath}:${javac.classpath}" destdir="${build.classes.dir}"/>
    </target>
</project>
