<?xml version="1.0" encoding="UTF-8"?>
<beans xmlns="http://www.springframework.org/schema/beans"
	xmlns:xsi="http://www.w3.org/2001/XMLSchema-instance" xmlns:context="http://www.springframework.org/schema/context"
	xsi:schemaLocation="http://www.springframework.org/schema/beans http://www.springframework.org/schema/beans/spring-beans.xsd
		http://www.springframework.org/schema/context http://www.springframework.org/schema/context/spring-context.xsd">

	<context:component-scan base-package="es.ua.jtech.amigosSpring.mvc" />
	<bean id="viewResolver"
		class="org.springframework.web.servlet.view.InternalResourceViewResolver">
		<property name="suffix" value=".jsp" />
	</bean>

	<bean id="messageSource"
		class="org.springframework.context.support.ResourceBundleMessageSource">
		<property name="basename" value="mensajes" />
	</bean>

	<bean name="/gu"
		class="org.springframework.remoting.httpinvoker.HttpInvokerServiceExporter">
		<property name="service" 
			ref="gestorUsuarios" />
		<property name="serviceInterface" 
			value="es.ua.jtech.amigosSpring.negocio.IGestorUsuariosRemoto" />
	</bean>
</beans>
