<?xml version="1.0" encoding="UTF-8"?>
<beans xmlns="http://www.springframework.org/schema/beans"
	xmlns:xsi="http://www.w3.org/2001/XMLSchema-instance" xmlns:context="http://www.springframework.org/schema/context"
	xmlns:jee="http://www.springframework.org/schema/jee"
	xmlns:tx="http://www.springframework.org/schema/tx"
	xmlns:aop="http://www.springframework.org/schema/aop" 
	
	xsi:schemaLocation="http://www.springframework.org/schema/beans http://www.springframework.org/schema/beans/spring-beans.xsd
		http://www.springframework.org/schema/context http://www.springframework.org/schema/context/spring-context.xsd
		http://www.springframework.org/schema/jee http://www.springframework.org/schema/jee/spring-jee.xsd
		http://www.springframework.org/schema/tx http://www.springframework.org/schema/tx/spring-tx.xsd
		http://www.springframework.org/schema/aop
		http://www.springframework.org/schema/aop/spring-aop-2.5.xsd">

	

	<context:component-scan base-package="es.ua.jtech.amigosSpring"
		scoped-proxy="targetClass"></context:component-scan>

	<bean id="gestorMensajes" class="es.ua.jtech.amigosSpring.negocio.GestorMensajes">
		<property name="COSTE_MENSAJE" value="5"></property>
		<property name="mensajeDAO" ref="mensajeDAOSpring"></property>
		<property name="gestorUsuarios" ref="gestorUsuarios"></property>
	</bean>

	<!-- Elegimos el tipo apropiado de "Transaction Manager" ( JDBC) -->
	<bean id="miTxManager"
		class="org.springframework.jdbc.datasource.DataSourceTransactionManager">
		<property name="dataSource" ref="miDS" />
	</bean>
	
	<!--
		Decimos que para este Transaction Manager vamos a usar anotaciones
	-->
	<tx:annotation-driven transaction-manager="miTxManager" />

	<jee:jndi-lookup id="miDS" jndi-name="jdbc/amigosSpring"
		resource-ref="true"></jee:jndi-lookup>		
</beans>
