<?xml version="1.0" encoding="UTF-8"?>
<jax-ws xmlns="http://www.netbeans.org/ns/jax-ws/1">
  <services/>
  <clients>
    <client name="BinarioSWService">
      <wsdl-url>http://localhost:8080/servcweb-sesion03-binario/BinarioSWService?wsdl</wsdl-url>
      <local-wsdl-file>localhost_8080/servcweb-sesion03-binario/BinarioSWService.wsdl</local-wsdl-file>
      <package-name forceReplace="true">es.ua.jtech.servcweb.binario.stub</package-name>
      <catalog-file>catalog.xml</catalog-file>
    </client>
  </clients>
</jax-ws>
