<?xml version="1.0" encoding="UTF-8"?> 
 <definitions 
 xmlns="http://schemas.xmlsoap.org/wsdl/" 
 xmlns:wsdl="http://schemas.xmlsoap.org/wsdl/" 
 xmlns:xsd="http://www.w3.org/2001/XMLSchema" 
 xmlns:soap="http://schemas.xmlsoap.org/wsdl/soap/" name="VuelosSWService" targetNamespace="http://sw.vuelos.servcweb.jtech.ua.es/" xmlns:tns="http://sw.vuelos.servcweb.jtech.ua.es/" xmlns:wsp="http://schemas.xmlsoap.org/ws/2004/09/policy" xmlns:wsu="http://docs.oasis-open.org/wss/2004/01/oasis-200401-wss-wssecurity-utility-1.0.xsd" xmlns:wsat="http://schemas.xmlsoap.org/ws/2004/10/wsat" 
 >
    <message name="getDisponibilidad"/>
    <message name="getDisponibilidadResponse"/>
    <message name="realizaReserva"/>
    <message name="realizaReservaResponse"/>
    <portType name="VuelosSW">
        <operation name="getDisponibilidad">
            <input message="tns:getDisponibilidad"/>
            <output message="tns:getDisponibilidadResponse"/>
        </operation>
        <operation name="realizaReserva">
            <input message="tns:realizaReserva"/>
            <output message="tns:realizaReservaResponse"/>
        </operation>
    </portType>
    <binding name="VuelosSWPortBinding" type="tns:VuelosSW">
        <operation name="getDisponibilidad">
            <input/>
            <output/>
        </operation>
        <operation name="realizaReserva">
            <input/>
            <output/>
        </operation>
    </binding>
    <service name="VuelosSWService">
        <port name="VuelosSWPort" binding="tns:VuelosSWPortBinding"/>
    </service>
</definitions>
