<?xml version="1.0" encoding="UTF-8"?> 
 <definitions 
 xmlns="http://schemas.xmlsoap.org/wsdl/" 
 xmlns:wsdl="http://schemas.xmlsoap.org/wsdl/" 
 xmlns:xsd="http://www.w3.org/2001/XMLSchema" 
 xmlns:soap="http://schemas.xmlsoap.org/wsdl/soap/" name="BinarioSWService" targetNamespace="http://sw.binario.servcweb.jtech.ua.es/" xmlns:tns="http://sw.binario.servcweb.jtech.ua.es/" xmlns:wsp="http://schemas.xmlsoap.org/ws/2004/09/policy" xmlns:wsu="http://docs.oasis-open.org/wss/2004/01/oasis-200401-wss-wssecurity-utility-1.0.xsd" xmlns:wsoma="http://schemas.xmlsoap.org/ws/2004/09/policy/optimizedmimeserialization" xmlns:wsaws="http://www.w3.org/2005/08/addressing" xmlns:wsrm="http://schemas.xmlsoap.org/ws/2005/02/rm/policy" xmlns:sunrm="http://sun.com/2006/03/rm" xmlns:net="http://schemas.microsoft.com/net/2005/02/rm/policy" 
 >
    <message name="getData"/>
    <message name="getDataResponse"/>
    <message name="getImage"/>
    <message name="getImageResponse"/>
    <portType name="BinarioSW">
        <operation name="getData">
            <input message="tns:getData"/>
            <output message="tns:getDataResponse"/>
        </operation>
        <operation name="getImage">
            <input message="tns:getImage"/>
            <output message="tns:getImageResponse"/>
        </operation>
    </portType>
    <binding name="BinarioSWPortBinding" type="tns:BinarioSW">
        <wsp:PolicyReference URI="#BinarioSWPortBindingPolicy"/>
        <operation name="getData">
            <input/>
            <output/>
        </operation>
        <operation name="getImage">
            <input/>
            <output/>
        </operation>
    </binding>
    <service name="BinarioSWService">
        <port name="BinarioSWPort" binding="tns:BinarioSWPortBinding"/>
    </service>
    <wsp:Policy wsu:Id="BinarioSWPortBindingPolicy">
        <wsp:ExactlyOne>
            <wsp:All>
                <wsaws:UsingAddressing xmlns:wsaws="http://www.w3.org/2006/05/addressing/wsdl"/>
                <wsrm:RMAssertion/>
                <sunrm:Ordered/>
                <net:RmFlowControl/>
            </wsp:All>
        </wsp:ExactlyOne>
    </wsp:Policy>
</definitions>
