<?xml version='1.0' encoding='utf-8'?>
<!DOCTYPE hibernate-configuration PUBLIC
        "-//Hibernate/Hibernate Configuration DTD 3.0//EN"
        "http://hibernate.sourceforge.net/hibernate-configuration-3.0.dtd">

<hibernate-configuration>
    <session-factory>
    	<property name="connection.url">jdbc:mysql://localhost/jpa</property>
		<property name="connection.username">root</property>
		<property name="connection.password">gallardo</property>
		<property name="connection.driver_class">com.mysql.jdbc.Driver</property>
		<property name="dialect">org.hibernate.dialect.MySQLDialect</property>
        <property name="current_session_context_class">thread</property>
        <property name="transaction.factory_class">org.hibernate.transaction.JDBCTransactionFactory</property>
        <property name="cache.provider_class">org.hibernate.cache.NoCacheProvider</property>
	    <property name="hibernate.show_sql">true</property>
        <property name="hbm2ddl.auto">update</property>
        <mapping resource="mappings.hbm.xml"/>
 </session-factory>
</hibernate-configuration>