<?xml version="1.0"?>
<!DOCTYPE hibernate-mapping PUBLIC
        "-//Hibernate/Hibernate Mapping DTD 3.0//EN"
        "http://hibernate.sourceforge.net/hibernate-mapping-3.0.dtd">

<hibernate-mapping>
	<class name="entity.Autor" table="Autor">
		<id name="nombre" type="string" column="nombre" />
		<property name="correo" type="string" column="correo" />
		<set name="mensajes" table="mensaje_autor">
			<key column="autorId" />
			<many-to-many column="mensajeId"
			              class="entity.Mensaje"/>
		</set>
	</class>

	<class name="entity.Mensaje" table="Mensaje">
		<id name="id" column="id">
			<generator class="native" />
		</id>
		<property name="texto" type="string" column="texto"
			not-null="true" />
		<property name="creado" type="date" column="creado" />
		<set name="autores" inverse="true" table="mensaje_autor">
		   <key column="mensajeId"/>
		   <many-to-many column="autorId"
		                 class="entity.Autor"/>
		</set>
	</class>
</hibernate-mapping>