<?xml version="1.0"?>
<!DOCTYPE hibernate-mapping PUBLIC
        "-//Hibernate/Hibernate Mapping DTD 3.0//EN"
        "http://hibernate.sourceforge.net/hibernate-mapping-3.0.dtd">

<hibernate-mapping>
    <class name="entity.Persona" table="Persona">
    <id name="Key" column="pid" type="string"> 
        <generator class="uuid"/> 
    </id> 
    <property name="cumpleanyos" type="date"/> 
    <component name="Nombre" class="entity.Nombre"> 
        <property name="nombre"/> 
        <property name="primerApellido"/> 
        <property name="segundoApellido"/> 
    </component> 
    </class>
</hibernate-mapping>