<?xml version="1.0" encoding="UTF-8"?>
<jax-ws xmlns="http://www.netbeans.org/ns/jax-ws/1">
  <services/>
  <clients>
    <client name="TiendaSWService">
      <wsdl-url>http://localhost:8080/servcweb-sesion03-carrito/TiendaSWService?wsdl</wsdl-url>
      <local-wsdl-file>localhost_8080/servcweb-sesion03-carrito/TiendaSWService.wsdl</local-wsdl-file>
      <package-name forceReplace="true">es.ua.jtech.servcweb.carrito.stub.tienda</package-name>
      <catalog-file>catalog.xml</catalog-file>
    </client>
    <client name="CarritoSWService">
      <wsdl-url>http://localhost:8080/servcweb-sesion03-carrito/CarritoSWService?wsdl</wsdl-url>
      <local-wsdl-file>localhost_8080/servcweb-sesion03-carrito/CarritoSWService.wsdl</local-wsdl-file>
      <package-name forceReplace="true">es.ua.jtech.servcweb.carrito.stub.carrito</package-name>
      <catalog-file>catalog.xml</catalog-file>
    </client>
  </clients>
  <jsr109>false</jsr109>
</jax-ws>
