<?xml version="1.0" encoding="UTF-8"?>
<project xmlns:xalan="http://xml.apache.org/xslt" xmlns:j2seproject3="http://www.netbeans.org/ns/j2se-project/3" xmlns:jaxws="http://www.netbeans.org/ns/jax-ws/1">
    <!--
                ===================
                JAX-WS WSIMPORT SECTION
                ===================
            -->
    <target name="wsimport-init" depends="init">
        <mkdir dir="${build.generated.dir}/wsimport/client"/>
        <mkdir dir="${build.generated.dir}/wsimport/binaries"/>
        <taskdef name="wsimport" classname="com.sun.tools.ws.ant.WsImport">
            <classpath path="${libs.jaxws21.classpath}"/>
        </taskdef>
    </target>
    <target name="wsimport-client-check-TiendaSWService" depends="wsimport-init">
        <condition property="wsimport-client-TiendaSWService.notRequired">
            <available file="${build.generated.dir}/wsimport/client/es/ua/jtech/servcweb/carrito/stub/tienda" type="dir"/>
        </condition>
    </target>
    <target name="wsimport-client-TiendaSWService" depends="wsimport-init,wsimport-client-check-TiendaSWService" unless="wsimport-client-TiendaSWService.notRequired">
        <wsimport fork="true" xendorsed="true" sourcedestdir="${build.generated.dir}/wsimport/client" extension="true" package="es.ua.jtech.servcweb.carrito.stub.tienda" destdir="${build.generated.dir}/wsimport/binaries" wsdl="${basedir}/xml-resources/web-service-references/TiendaSWService/wsdl/localhost_8080/servcweb-sesion03-carrito/TiendaSWService.wsdl" wsdlLocation="http://localhost:8080/servcweb-sesion03-carrito/TiendaSWService?wsdl" catalog="catalog.xml">
            <jvmarg value="-Djava.endorsed.dirs=${jaxws.endorsed.dir}"/>
        </wsimport>
        <copy todir="${build.classes.dir}">
            <fileset dir="${build.generated.dir}/wsimport/binaries" includes="**/*.xml"/>
        </copy>
    </target>
    <target name="wsimport-client-clean-TiendaSWService" depends="-init-project">
        <delete dir="${build.generated.dir}/wsimport/client/es/ua/jtech/servcweb/carrito/stub/tienda"/>
    </target>
    <target name="wsimport-client-check-CarritoSWService" depends="wsimport-init">
        <condition property="wsimport-client-CarritoSWService.notRequired">
            <available file="${build.generated.dir}/wsimport/client/es/ua/jtech/servcweb/carrito/stub/carrito" type="dir"/>
        </condition>
    </target>
    <target name="wsimport-client-CarritoSWService" depends="wsimport-init,wsimport-client-check-CarritoSWService" unless="wsimport-client-CarritoSWService.notRequired">
        <wsimport fork="true" xendorsed="true" sourcedestdir="${build.generated.dir}/wsimport/client" extension="true" package="es.ua.jtech.servcweb.carrito.stub.carrito" destdir="${build.generated.dir}/wsimport/binaries" wsdl="${basedir}/xml-resources/web-service-references/CarritoSWService/wsdl/localhost_8080/servcweb-sesion03-carrito/CarritoSWService.wsdl" wsdlLocation="http://localhost:8080/servcweb-sesion03-carrito/CarritoSWService?wsdl" catalog="catalog.xml">
            <jvmarg value="-Djava.endorsed.dirs=${jaxws.endorsed.dir}"/>
        </wsimport>
        <copy todir="${build.classes.dir}">
            <fileset dir="${build.generated.dir}/wsimport/binaries" includes="**/*.xml"/>
        </copy>
    </target>
    <target name="wsimport-client-clean-CarritoSWService" depends="-init-project">
        <delete dir="${build.generated.dir}/wsimport/client/es/ua/jtech/servcweb/carrito/stub/carrito"/>
    </target>
    <target name="wsimport-client-generate" depends="wsimport-client-TiendaSWService, wsimport-client-CarritoSWService"/>
    <target name="wsimport-client-compile" depends="-pre-pre-compile">
        <j2seproject3:depend srcdir="${build.generated.dir}/wsimport/client" classpath="${libs.jaxws21.classpath}:${javac.classpath}" destdir="${build.classes.dir}"/>
        <j2seproject3:javac srcdir="${build.generated.dir}/wsimport/client" classpath="${libs.jaxws21.classpath}:${javac.classpath}" destdir="${build.classes.dir}"/>
    </target>
</project>
