<?xml version="1.0" encoding="UTF-8"?>
<feature id="org.eclipse.ajdt.source" version="1.6.1.20081104192500" label="%featureName" provider-name="%providerName"     >
	<description url="http://eclipse.org/ajdt">
		%description
	</description>
	<copyright >
		%copyright
	</copyright>
	<license url="%licenseURL">
		%license
	</license>
	<url>
		<update url="http://download.eclipse.org/tools/ajdt/34/update" label="%updateLabel"/>
	</url>
	<plugin id="org.eclipse.ajdt.source" version="1.6.1.20081104192500"    />
</feature>
